<ImportExportXml version="8.2.0001.0207" SolutionPackageVersion="8.2" languagecode="1033" generatedBy="CrmLive" xmlns:xsi="http://www.w3.org/2001/XMLSchema-instance">
  <SolutionManifest>
    <UniqueName>KLIComments</UniqueName>
    <LocalizedNames>
      <LocalizedName description="KLI Comments" languagecode="1033" />
    </LocalizedNames>
    <Descriptions />
    <Version>06.09.2017.01</Version>
    <Managed>1</Managed>
    <Publisher>
      <UniqueName>kloudingenuity</UniqueName>
      <LocalizedNames>
        <LocalizedName description="Kloud Ingenuity" languagecode="1033" />
      </LocalizedNames>
      <Descriptions />
      <EMailAddress>kloudingenuity@gmail.com</EMailAddress>
      <SupportingWebsiteUrl>https://insightdynamics.wordpress.com/</SupportingWebsiteUrl>
      <CustomizationPrefix>kli</CustomizationPrefix>
      <CustomizationOptionValuePrefix>85548</CustomizationOptionValuePrefix>
      <Addresses>
        <Address>
          <AddressNumber>1</AddressNumber>
          <AddressTypeCode>1</AddressTypeCode>
          <City xsi:nil="true"></City>
          <County xsi:nil="true"></County>
          <Country xsi:nil="true"></Country>
          <Fax xsi:nil="true"></Fax>
          <FreightTermsCode xsi:nil="true"></FreightTermsCode>
          <ImportSequenceNumber xsi:nil="true"></ImportSequenceNumber>
          <Latitude xsi:nil="true"></Latitude>
          <Line1 xsi:nil="true"></Line1>
          <Line2 xsi:nil="true"></Line2>
          <Line3 xsi:nil="true"></Line3>
          <Longitude xsi:nil="true"></Longitude>
          <Name xsi:nil="true"></Name>
          <PostalCode xsi:nil="true"></PostalCode>
          <PostOfficeBox xsi:nil="true"></PostOfficeBox>
          <PrimaryContactName xsi:nil="true"></PrimaryContactName>
          <ShippingMethodCode>1</ShippingMethodCode>
          <StateOrProvince xsi:nil="true"></StateOrProvince>
          <Telephone1 xsi:nil="true"></Telephone1>
          <Telephone2 xsi:nil="true"></Telephone2>
          <Telephone3 xsi:nil="true"></Telephone3>
          <TimeZoneRuleVersionNumber xsi:nil="true"></TimeZoneRuleVersionNumber>
          <UPSZone xsi:nil="true"></UPSZone>
          <UTCOffset xsi:nil="true"></UTCOffset>
          <UTCConversionTimeZoneCode xsi:nil="true"></UTCConversionTimeZoneCode>
        </Address>
        <Address>
          <AddressNumber>2</AddressNumber>
          <AddressTypeCode>1</AddressTypeCode>
          <City xsi:nil="true"></City>
          <County xsi:nil="true"></County>
          <Country xsi:nil="true"></Country>
          <Fax xsi:nil="true"></Fax>
          <FreightTermsCode xsi:nil="true"></FreightTermsCode>
          <ImportSequenceNumber xsi:nil="true"></ImportSequenceNumber>
          <Latitude xsi:nil="true"></Latitude>
          <Line1 xsi:nil="true"></Line1>
          <Line2 xsi:nil="true"></Line2>
          <Line3 xsi:nil="true"></Line3>
          <Longitude xsi:nil="true"></Longitude>
          <Name xsi:nil="true"></Name>
          <PostalCode xsi:nil="true"></PostalCode>
          <PostOfficeBox xsi:nil="true"></PostOfficeBox>
          <PrimaryContactName xsi:nil="true"></PrimaryContactName>
          <ShippingMethodCode>1</ShippingMethodCode>
          <StateOrProvince xsi:nil="true"></StateOrProvince>
          <Telephone1 xsi:nil="true"></Telephone1>
          <Telephone2 xsi:nil="true"></Telephone2>
          <Telephone3 xsi:nil="true"></Telephone3>
          <TimeZoneRuleVersionNumber xsi:nil="true"></TimeZoneRuleVersionNumber>
          <UPSZone xsi:nil="true"></UPSZone>
          <UTCOffset xsi:nil="true"></UTCOffset>
          <UTCConversionTimeZoneCode xsi:nil="true"></UTCConversionTimeZoneCode>
        </Address>
      </Addresses>
    </Publisher>
    <RootComponents>
      <RootComponent type="1" schemaName="kli_comment" behavior="0" />
      <RootComponent type="1" schemaName="kli_commentconfigurationitem" behavior="0" />
      <RootComponent type="9" schemaName="kli_commenttype" behavior="0" />
      <RootComponent type="9" schemaName="kli_regardingobjecttype" behavior="0" />
      <RootComponent type="29" id="{0c7b1bb1-2247-47e0-8c9b-9126bea1fda9}" behavior="0" />
      <RootComponent type="60" id="{4a63c8d1-6c1e-48ec-9db4-3e6c7155334c}" behavior="0" />
      <RootComponent type="60" id="{830cc93b-d504-4ce2-a64e-d4132d7d9374}" behavior="0" />
      <RootComponent type="60" id="{a273e363-e63f-42e3-a708-d9318020fc47}" behavior="0" />
      <RootComponent type="60" id="{ab626224-d604-47bb-b1d9-e2e9fcdb4669}" behavior="0" />
      <RootComponent type="60" id="{f658c846-f74c-459b-b591-b97558958106}" behavior="0" />
      <RootComponent type="61" schemaName="kli_/HTML/CommentFormEditor.html" behavior="0" />
      <RootComponent type="61" schemaName="kli_/HTML/CommentListView.html" behavior="0" />
      <RootComponent type="61" schemaName="kli_/Images/Collapse16.png" behavior="0" />
      <RootComponent type="61" schemaName="kli_/Images/Expand16.png" behavior="0" />
      <RootComponent type="61" schemaName="kli_/Images/Popout.png" behavior="0" />
      <RootComponent type="61" schemaName="kli_/Images/Refresh16.png" behavior="0" />
      <RootComponent type="61" schemaName="kli_/Scripts/ckeditor.js" behavior="0" />
      <RootComponent type="61" schemaName="kli_/Scripts/KLI.Comment.CommentUtility.js" behavior="0" />
      <RootComponent type="61" schemaName="kli_/Scripts/KLI.Comment.Form.js" behavior="0" />
      <RootComponent type="61" schemaName="kli_/Scripts/KLI.Comment.ServerOperations.js" behavior="0" />
      <RootComponent type="61" schemaName="kli_/Scripts/Libraries/jquery_3.1.0.min.js" behavior="0" />
      <RootComponent type="61" schemaName="kli_/Scripts/Libraries/jsgrid.min.js" behavior="0" />
      <RootComponent type="61" schemaName="kli_/Scripts/Libraries/XrmServiceToolkit.min.js" behavior="0" />
      <RootComponent type="61" schemaName="kli_/Style/Libraries/font.awesome.min.css" behavior="0" />
      <RootComponent type="61" schemaName="kli_/Style/Libraries/jsgrid.min.css" behavior="0" />
      <RootComponent type="61" schemaName="kli_/Style/Libraries/jsgrid.theme.min.css" behavior="0" />
      <RootComponent type="91" schemaName="KLITools.XRM.Comments.Plugins, Version=1.0.0.0, Culture=neutral, PublicKeyToken=d1ef6837a39593e9" behavior="0" />
      <RootComponent type="92" id="{1936b735-cb14-e711-80ea-c4346bacfbbc}" behavior="0" />
      <RootComponent type="92" id="{54696d56-4730-e711-811e-fc15b42827ec}" behavior="0" />
      <RootComponent type="92" id="{5d4bd52b-8d41-e711-8121-6c3be5b3b698}" behavior="0" />
      <RootComponent type="92" id="{6eabba40-c514-e711-80ea-c4346bad526c}" behavior="0" />
    </RootComponents>
    <MissingDependencies>
      <MissingDependency>
        <Required key="0" type="2" schemaName="msdyn_incidenttype" displayName="Incident Type" parentSchemaName="incident" parentDisplayName="Case" solution="FieldService (6.2.0.342)" />
        <Dependent key="1" type="60" displayName="Case" parentDisplayName="Case" id="{4a63c8d1-6c1e-48ec-9db4-3e6c7155334c}" />
      </MissingDependency>
      <MissingDependency>
        <Required key="2" type="2" schemaName="int_customereffort" displayName="Customer Effort" parentSchemaName="incident" parentDisplayName="Case" solution="FreeTrialBaseSolution2 (2.1.0.0)" />
        <Dependent key="1" type="60" displayName="Case" parentDisplayName="Case" id="{4a63c8d1-6c1e-48ec-9db4-3e6c7155334c}" />
      </MissingDependency>
      <MissingDependency>
        <Required key="3" type="10" schemaName="msdyn_incident_msdyn_workorder_ServiceRequest" displayName="msdyn_incident_msdyn_workorder_ServiceRequest" parentSchemaName="msdyn_workorder" parentDisplayName="Work Order" solution="FieldService (6.2.0.342)" />
        <Dependent key="1" type="60" displayName="Case" parentDisplayName="Case" id="{4a63c8d1-6c1e-48ec-9db4-3e6c7155334c}" />
      </MissingDependency>
      <MissingDependency>
        <Required key="4" type="10" schemaName="msdyn_msdyn_incidenttype_incident_IncidentType" displayName="msdyn_msdyn_incidenttype_incident_IncidentType" parentSchemaName="incident" parentDisplayName="Case" solution="FieldService (6.2.0.342)" />
        <Dependent key="1" type="60" displayName="Case" parentDisplayName="Case" id="{4a63c8d1-6c1e-48ec-9db4-3e6c7155334c}" />
      </MissingDependency>
      <MissingDependency>
        <Required key="5" type="61" schemaName="msdyn_/ActivityFeeds.Form.js" displayName="msdyn_/ActivityFeeds.Form.js" solution="ActivityFeedsCore (8.2.0.0)" />
        <Dependent key="6" type="60" displayName="Information" parentDisplayName="Case" id="{f658c846-f74c-459b-b591-b97558958106}" />
      </MissingDependency>
      <MissingDependency>
        <Required key="7" type="61" schemaName="msdyn_/RecordWall.htm" displayName="msdyn_/RecordWall.htm" solution="ActivityFeedsCore (8.2.0.0)" />
        <Dependent key="6" type="60" displayName="Information" parentDisplayName="Case" id="{f658c846-f74c-459b-b591-b97558958106}" />
      </MissingDependency>
      <MissingDependency>
        <Required key="8" type="61" schemaName="msdyn_/Utils/head.js" displayName="msdyn_/Utils/head.js" solution="FieldService (6.2.0.342)" />
        <Dependent key="1" type="60" displayName="Case" parentDisplayName="Case" id="{4a63c8d1-6c1e-48ec-9db4-3e6c7155334c}" />
      </MissingDependency>
      <MissingDependency>
        <Required key="9" type="61" schemaName="msdyn_/Case/Case.Library.js" displayName="msdyn_/Case/Case.Library.js" solution="FieldService (6.2.0.342)" />
        <Dependent key="1" type="60" displayName="Case" parentDisplayName="Case" id="{4a63c8d1-6c1e-48ec-9db4-3e6c7155334c}" />
      </MissingDependency>
    </MissingDependencies>
  </SolutionManifest>
</ImportExportXml>